<?xml version="1.0" encoding="utf-8"?>
<modification>
    <name>animation_card</name>
     <code>animation_card</code>
    <version>1.0</version>
    <author>DK</author>
    <file path="catalog/view/theme/default/template/common/header.tpl">
         <operation>
            <search><![CDATA[
            <link href="catalog/view/theme/default/stylesheet/stylesheet.css" rel="stylesheet">
            ]]></search>
            <add position="after"><![CDATA[
            <link href="catalog/view/javascript/animationcard.css" rel="stylesheet">
            ]]></add>
        </operation>
    </file>
    <file path="catalog/controller/product/category.php">
         <operation>
            <search><![CDATA[
            $data['products'][] = array(
            ]]></search>
            <add position="before"><![CDATA[
           $second_img = $this->model_catalog_product->getProductImages($result['product_id']);
            if (isset($second_img[0]['image'])) {
                $images = $this->model_tool_image->resize($second_img[0]['image'], $this->config->get($this->config->get('config_theme') . '_image_product_width'), $this->config->get($this->config->get('config_theme') . '_image_product_height'));
            } else {
                $images = $image;
            }
            ]]></add>
        </operation>
        <operation>
            <search><![CDATA[
            'product_id'  => $result['product_id'],
            ]]></search>
            <add position="after"><![CDATA[
           'second_img' => $images,
            ]]></add>
        </operation>    
    </file>
    <file path="catalog/controller/extension/module/featured.php">
         <operation>
            <search><![CDATA[
            $data['products'][] = array(
            ]]></search>
            <add position="before"><![CDATA[
            $second_img = $this->model_catalog_product->getProductImages($product_info['product_id']);
            if (isset($second_img[0]['image'])) {
                $images = $this->model_tool_image->resize($second_img[0]['image'], $setting['width'], $setting['height']);
            } else {
                $images = $image;
            }
            ]]></add>
        </operation>
        <operation>
            <search><![CDATA[
            'product_id'  => $product_info['product_id'],
            ]]></search>
            <add position="after"><![CDATA[
            'second_img' => $images,
            ]]></add>
        </operation>  
    </file>
    <file path="catalog/view/theme/default/template/product/category.tpl">
        <operation>
            <search><![CDATA[
            <div class="image"><a href="<?php echo $product['href']; ?>"><img src="<?php echo $product['thumb']; ?>" alt="<?php echo $product['name']; ?>" title="<?php echo $product['name']; ?>" class="img-responsive" /></a></div>
            ]]></search>
            <add position="replace"><![CDATA[
            <div class="images_for_animate">
            <div class="image front_image"><a href="<?php echo $product['href']; ?>"><img src="<?php echo $product['thumb']; ?>" alt="<?php echo $product['name']; ?>" title="<?php echo $product['name']; ?>" class="img-responsive" /></a></div>
            <?php if(isset($product['second_img'])){ ?>
            <div class="image back_image"><a href="<?php echo $product['href']; ?>"><img src="<?php echo $product['second_img']; ?>" alt="<?php echo $product['name']; ?>" title="<?php echo $product['name']; ?>" class="img-responsive" /></a></div>
            <?php } ?>
           </div>
            ]]></add>
        </operation>
    </file>  
    <file path="catalog/view/theme/default/template/extension/module/featured.tpl">
        <operation>
            <search><![CDATA[
            <div class="image"><a href="<?php echo $product['href']; ?>"><img src="<?php echo $product['thumb']; ?>" alt="<?php echo $product['name']; ?>" title="<?php echo $product['name']; ?>" class="img-responsive" /></a></div>
            ]]></search>
            <add position="replace"><![CDATA[
            <div class="images_for_animate">
            <div class="image front_image"><a href="<?php echo $product['href']; ?>"><img src="<?php echo $product['thumb']; ?>" alt="<?php echo $product['name']; ?>" title="<?php echo $product['name']; ?>" class="img-responsive" /></a></div>
            <?php if(isset($product['second_img'])){ ?>
            <div class="image back_image"><a href="<?php echo $product['href']; ?>"><img src="<?php echo $product['second_img']; ?>" alt="<?php echo $product['name']; ?>" title="<?php echo $product['name']; ?>" class="img-responsive" /></a></div>
            <?php } ?>
            </div>
            ]]></add>
        </operation>
    </file>  
</modification>